FARM,YEAR,COWS,LAND,MILK,LABOR,FEED
1,93,15.3,8.0,73647,2.0,33435.738
1,94,18.1,8.0,91260,2.0,36869.04
1,95,17.8,8.0,118498,2.0,54153.586
1,96,17.3,8.0,111454,2.0,50711.57
1,97,17.1,7.0,110419,2.0,51013.578
1,98,19.5,7.2,131197,2.0,59038.65
2,93,20.3,9.0,118149,2.0,53875.944
2,94,20.3,10.4,127742,2.0,51990.994
2,95,22.0,10.7,146490,2.0,61379.31
2,96,23.3,10.7,163434,2.0,71093.79
2,97,23.3,10.6,163603,2.0,69204.069
2,98,25.0,9.4,169540,3.0,73580.36
3,93,19.6,11.0,102445,2.5,42412.23
3,94,22.2,11.0,129938,2.5,63149.868
3,95,25.4,12.0,134282,2.5,58681.234
3,96,24.7,11.0,132594,2.5,54893.916
3,97,25.3,13.5,140581,2.5,55810.657
3,98,26.1,14.5,182037,2.5,93567.018
4,93,55.4,22.0,405042,2.5,196445.37
4,94,63.5,22.0,489134,2.5,212773.29
4,95,63.4,22.0,526054,2.5,267761.486
4,96,63.7,23.0,545834,2.5,296933.696
4,97,68.0,23.0,570261,2.5,285700.761
4,98,68.8,23.0,543844,2.5,263764.34
5,93,17.5,11.0,111642,1.5,49680.69
5,94,18.7,11.0,103142,1.5,49301.876
5,95,18.2,11.0,126711,1.5,61834.968
5,96,18.9,11.0,146585,1.5,69627.875
5,97,19.9,11.5,144745,1.5,77293.83
5,98,19.3,11.5,125715,1.5,55440.315
6,93,23.0,9.0,151536,2.5,64251.264
6,94,24.5,9.0,161790,2.5,73452.66
6,95,24.6,9.0,186542,2.5,86555.488
6,96,22.9,9.0,168885,2.5,87482.43
6,97,22.3,9.0,159389,2.5,76506.72
6,98,23.1,9.0,169946,2.5,79364.782
7,93,30.3,10.0,132624,2.0,51988.608
7,94,29.5,12.3,170163,2.0,76233.024
7,95,32.7,10.0,206356,2.0,100495.372
7,96,32.6,9.0,228979,2.0,105101.361
7,97,32.5,15.5,236043,2.0,116133.156
7,98,34.1,15.5,236429,2.0,92680.168
8,93,26.4,11.2,147230,1.5,57272.47
8,94,26.6,23.0,176428,1.5,66513.356
8,95,28.7,13.9,205493,1.5,92882.836
8,96,29.1,13.9,198484,1.5,98646.548
8,97,27.2,12.0,192819,1.5,90432.111
8,98,29.5,12.0,216856,1.5,125776.48
9,93,62.1,35.2,430663,3.0,133505.53
9,94,67.4,35.2,449932,3.0,197970.08
9,95,70.0,35.2,516969,3.0,193346.406
9,96,76.7,35.2,572678,3.0,246824.218
9,97,75.2,35.2,597944,3.0,244559.096
9,98,82.3,35.0,608132,3.0,256023.572
10,93,31.7,15.5,230278,2.0,107539.826
10,94,33.6,15.7,233134,2.0,99081.95
10,95,33.3,15.7,278649,2.0,112016.898
10,96,35.6,15.7,302065,2.0,133512.73
10,97,35.0,17.5,293232,2.0,127849.152
10,98,33.5,16.6,283802,2.0,129413.712
11,93,20.0,8.8,136605,1.5,51500.085
11,94,20.3,10.2,123832,1.5,47179.992
11,95,22.3,10.2,147739,1.5,53924.735
11,96,22.1,10.8,155143,1.5,62988.058
11,97,24.0,11.3,168044,1.5,60663.884
11,98,22.4,11.3,171030,1.5,64478.31
12,93,24.1,16.6,156198,2.0,62947.794
12,94,27.2,16.6,189529,2.0,88699.572
12,95,29.0,16.6,206070,2.0,76658.04
12,96,33.7,16.6,236732,2.0,85696.984
12,97,34.6,18.0,235459,2.0,90180.797
12,98,36.2,18.0,237510,2.0,85978.62
13,93,21.4,10.0,142121,1.2,58980.215
13,94,23.8,12.5,168558,1.2,69277.338
13,95,30.0,13.0,221326,1.2,82554.598
13,96,34.9,15.0,241494,1.2,106981.842
13,97,40.8,15.0,291315,1.2,131383.065
13,98,45.6,17.0,414293,1.2,175660.232
14,93,26.0,16.0,158383,2.3,55434.05
14,94,28.3,16.5,180938,2.3,85221.798
14,95,28.4,16.0,197301,2.3,89180.052
14,96,31.2,16.0,219867,2.3,105975.894
14,97,35.9,17.0,245524,2.3,129636.672
14,98,38.5,17.0,266912,2.3,143598.656
15,93,18.0,9.1,61205,1.5,14811.61
15,94,18.5,9.1,66821,1.5,15903.398
15,95,19.7,9.1,62141,1.5,17337.339
15,96,21.1,9.1,72327,1.5,24663.507
15,97,21.0,9.1,81533,1.5,33836.195
15,98,21.7,9.1,63811,1.5,28332.084
16,93,31.8,12.0,159331,2.5,61501.766
16,94,33.7,14.0,169039,2.5,77081.784
16,95,31.9,14.0,185685,2.5,79658.865
16,96,33.5,14.0,251147,2.5,89910.626
16,97,34.3,15.0,276777,2.5,132299.406
16,98,41.6,15.0,358037,2.5,159684.502
17,93,14.1,9.6,56604,2.0,27396.336
17,94,14.4,9.6,63047,2.0,27677.633
17,95,16.7,9.6,75368,2.0,32257.504
17,96,18.2,9.6,84677,2.0,44201.394
17,97,20.2,12.8,103247,2.0,50487.783
17,98,19.0,9.0,101871,2.0,54500.985
18,93,14.5,5.0,70498,1.0,27564.718
18,94,15.8,12.4,76068,1.0,28981.908
18,95,16.3,12.7,86609,1.0,34556.991
18,96,16.7,12.7,87503,1.0,33076.134
18,97,16.9,5.9,105190,1.0,46704.36
18,98,18.7,6.0,120343,1.0,57403.611
19,93,17.3,15.1,68656,1.0,29453.424
19,94,18.3,15.1,85475,1.0,31967.65
19,95,19.8,15.1,91897,1.0,35839.83
19,96,23.7,15.1,125359,1.0,48764.651
19,97,21.6,15.1,110366,1.0,61363.496
19,98,26.3,15.1,159393,1.0,80493.465
20,93,19.1,9.0,102875,1.5,47836.875
20,94,22.7,10.5,113146,1.5,52160.306
20,95,23.3,8.0,133293,1.5,57982.455
20,96,25.8,8.0,152504,1.5,84182.208
20,97,23.5,12.4,145430,1.5,91330.04
20,98,22.9,13.0,140072,1.5,89225.864
21,93,20.3,9.0,128275,1.5,51181.725
21,94,21.9,11.4,138035,1.5,54247.755
21,95,23.1,11.4,161272,1.5,69508.232
21,96,28.6,10.8,208072,1.5,99458.416
21,97,28.5,12.9,231067,1.5,107446.155
21,98,30.3,21.5,224115,1.5,96817.68
22,93,20.8,9.0,122110,2.2,51530.42
22,94,22.3,9.6,132216,2.2,55795.152
22,95,23.5,10.2,155083,2.2,71648.346
22,96,26.3,9.6,177265,2.2,82605.49
22,97,26.7,20.5,196397,2.2,94074.163
22,98,28.2,35.6,205320,2.2,88287.6
23,93,21.8,8.0,94911,1.5,29707.143
23,94,21.3,7.0,89555,1.5,26508.28
23,95,24.0,7.0,103752,1.5,36416.952
23,96,24.1,7.0,102163,1.5,38924.103
23,97,22.8,10.1,97570,1.5,39320.71
23,98,21.3,6.9,94834,1.5,46942.83
24,93,39.8,25.0,239764,1.5,92069.376
24,94,38.3,15.8,241284,1.5,77210.88
24,95,39.1,25.0,239579,1.5,96310.758
24,96,39.3,25.0,249157,1.5,89696.52
24,97,40.1,29.0,294379,1.5,141596.299
24,98,45.3,29.0,318806,1.5,144100.312
25,93,14.3,7.0,66459,1.5,26184.846
25,94,18.1,8.0,100440,1.5,34953.12
25,95,20.1,8.0,103840,1.5,41224.48
25,96,24.7,8.0,154112,1.5,66576.384
25,97,26.9,15.0,155453,1.5,67311.149
25,98,29.3,15.0,161507,1.5,73808.699
26,93,45.5,21.0,262341,1.2,71881.434
26,94,51.3,21.0,310944,2.3,115671.168
26,95,52.8,23.0,351261,2.3,121185.045
26,96,57.6,24.0,368304,2.3,141797.04
26,97,59.2,29.0,397113,2.3,173935.494
26,98,57.8,29.0,402334,2.3,173405.954
27,93,37.4,21.0,201075,3.5,78821.4
27,94,40.5,21.0,192701,3.5,85173.842
27,95,36.7,21.0,184437,3.5,81336.717
27,96,36.0,21.0,201490,3.5,82006.43
27,97,36.4,21.1,212118,3.5,102665.112
27,98,35.2,21.1,205076,3.5,106434.444
28,93,16.0,7.0,68775,2.0,25377.975
28,94,16.5,7.0,71929,2.0,32439.979
28,95,17.0,7.0,91989,2.0,44522.676
28,96,18.5,7.0,109268,2.0,58458.38
28,97,19.6,11.0,115511,2.0,67458.424
28,98,20.2,11.0,132675,2.0,72573.225
29,93,17.0,8.0,92509,1.5,44034.284
29,94,18.9,7.9,79001,1.5,40369.511
29,95,20.0,7.9,118745,1.5,65903.475
29,96,19.7,7.9,132312,1.5,64568.256
29,97,20.5,7.9,138769,1.5,68413.117
29,98,21.5,10.1,149184,1.5,76233.024
30,93,22.6,9.4,158389,2.0,64939.49
30,94,23.3,9.4,180413,2.0,78479.655
30,95,22.8,9.4,167969,2.0,76593.864
30,96,23.7,9.4,181458,2.0,95809.824
30,97,24.4,8.0,185441,2.0,82706.686
30,98,22.1,8.0,160281,2.0,78537.69
31,93,33.3,15.0,294965,2.5,152791.87
31,94,36.5,15.0,306384,2.5,139711.104
31,95,38.2,15.0,350133,2.5,160360.914
31,96,36.9,15.3,358799,2.5,164688.741
31,97,39.8,18.0,379130,2.5,168333.72
31,98,46.1,18.0,431249,2.5,191905.805
32,93,29.3,14.0,220816,1.7,107979.024
32,94,30.8,14.0,223973,1.7,96980.309
32,95,30.1,14.0,236182,1.7,88095.886
32,96,35.3,14.0,278566,1.7,117554.852
32,97,31.2,14.0,254561,1.7,129826.11
32,98,33.8,14.0,282256,1.7,132378.064
33,93,40.5,18.0,246913,2.0,107407.155
33,94,41.3,19.0,282645,2.0,109383.615
33,95,39.0,19.0,306118,2.0,104692.356
33,96,41.2,19.0,332560,2.0,144331.04
33,97,39.9,20.0,311433,2.0,118655.973
33,98,40.1,18.0,368880,2.0,138330.0
34,93,28.8,13.8,144648,2.0,56846.664
34,94,30.7,14.0,157965,2.0,68714.775
34,95,33.5,14.0,176991,2.0,77699.049
34,96,33.9,14.0,195148,2.0,105770.216
34,97,36.3,14.0,235134,2.0,119448.072
34,98,40.4,14.0,246469,2.0,141719.675
35,93,25.2,13.0,124901,2.0,48086.885
35,94,27.8,13.0,137739,2.0,48759.606
35,95,29.3,13.0,148819,2.0,50747.279
35,96,32.4,13.0,161137,2.0,58170.457
35,97,36.3,16.0,186897,2.0,79244.328
35,98,39.2,16.0,227340,2.0,84343.14
36,93,11.4,5.0,64116,1.8,23274.108
36,94,16.5,5.0,89024,1.8,28398.656
36,95,16.3,5.0,102282,1.8,36923.802
36,96,20.3,5.0,135459,1.8,44024.175
36,97,19.7,8.0,130058,1.8,59306.448
36,98,22.9,8.0,163539,1.8,71630.082
37,93,26.0,10.0,139780,2.0,68072.86
37,94,25.9,10.0,149128,2.0,69493.648
37,95,28.3,10.0,189931,2.0,104082.188
37,96,30.3,10.0,208127,2.0,116759.247
37,97,29.4,10.0,189909,2.0,119832.579
37,98,27.6,10.0,170262,2.0,114756.588
38,93,49.0,17.0,303212,2.0,159792.724
38,94,49.2,17.0,359338,2.0,192964.506
38,95,54.5,17.0,459991,2.0,318313.772
38,96,53.7,17.0,477194,2.0,274386.55
38,97,52.7,17.0,465870,2.0,275795.04
38,98,50.9,17.0,456419,2.0,287087.551
39,93,26.0,9.3,165685,2.0,96428.67
39,94,27.8,9.3,188637,2.0,99223.062
39,95,30.1,9.3,208905,2.0,130983.435
39,96,29.0,10.0,215682,2.0,144722.622
39,97,28.4,10.2,217624,2.0,136885.496
39,98,30.8,10.2,235276,2.0,153399.952
40,93,18.0,6.4,108251,2.0,53692.496
40,94,19.2,6.4,117053,2.0,58292.394
40,95,17.9,6.4,107479,2.0,61155.551
40,96,19.0,6.4,124669,2.0,64703.211
40,97,20.0,6.4,118763,2.0,66507.28
40,98,19.3,8.0,117746,2.0,61463.412
41,93,21.0,7.4,97799,2.0,47139.118
41,94,21.8,7.4,114858,2.0,57199.284
41,95,24.1,7.4,121033,2.0,69836.041
41,96,23.0,7.4,128672,2.0,72313.664
41,97,21.1,7.4,119845,2.0,72745.915
41,98,18.9,7.5,106464,2.0,66220.608
42,93,26.0,10.0,168426,2.0,85560.408
42,94,30.2,10.0,191495,2.0,108960.655
42,95,31.5,10.0,197570,2.0,120320.13
42,96,31.0,10.0,222086,2.0,122813.558
42,97,32.3,10.0,253228,2.0,150417.432
42,98,34.6,11.0,265836,2.0,161362.452
43,93,19.0,11.0,96642,2.0,32568.354
43,94,21.2,11.0,111369,2.0,43211.172
43,95,23.0,11.2,142649,2.0,77886.354
43,96,25.5,12.2,156788,2.0,97835.712
43,97,25.0,12.2,168810,2.0,95377.65
43,98,25.1,12.0,177212,2.0,102251.324
44,93,18.0,5.4,83454,2.0,33882.324
44,94,17.0,5.4,68088,2.0,27847.992
44,95,17.8,33.1,93294,2.0,44874.414
44,96,18.7,5.4,95376,2.0,55031.952
44,97,19.8,6.4,86690,2.0,41524.51
44,98,19.2,6.4,76069,2.0,29134.427
45,93,22.0,7.4,126501,1.0,61732.488
45,94,23.4,7.8,142799,1.0,61117.972
45,95,21.3,7.9,153674,1.0,74378.216
45,96,26.3,7.4,181657,1.0,86468.732
45,97,25.3,9.1,172410,1.0,97584.06
45,98,26.5,9.1,178351,1.0,96131.189
46,93,29.0,16.0,149861,2.0,64590.091
46,94,26.5,16.0,144398,2.0,67578.264
46,95,27.1,16.0,149103,2.0,61430.436
46,96,25.0,16.0,150461,2.0,73725.89
46,97,25.6,16.0,142937,2.0,87048.633
46,98,30.7,16.0,186293,2.0,103206.322
47,93,23.0,8.1,117749,2.0,60640.735
47,94,23.3,8.1,133453,2.0,56984.431
47,95,23.8,8.1,148581,2.0,71467.461
47,96,24.7,8.1,182641,2.0,91137.859
47,97,27.9,8.1,194849,2.0,98983.292
47,98,25.5,8.1,189617,2.0,104478.967
48,93,27.0,9.2,143752,2.0,55057.016
48,94,28.8,9.2,169439,2.0,70656.063
48,95,27.8,9.2,172722,2.0,79797.564
48,96,30.1,9.2,200555,2.0,88444.755
48,97,30.5,9.2,210874,2.0,93628.056
48,98,30.6,9.2,217479,2.0,103737.483
49,93,10.0,5.1,40195,1.0,10169.335
49,94,10.3,5.1,42033,1.0,11012.646
49,95,12.6,5.1,53494,1.0,18562.418
49,96,14.0,5.1,64925,1.0,29086.4
49,97,13.9,5.1,58732,1.0,30481.908
49,98,15.1,5.1,72458,1.0,31809.062
50,93,39.0,17.8,212537,2.5,101380.149
50,94,37.0,17.8,220968,2.5,113577.552
50,95,37.8,14.7,210684,2.5,126831.768
50,96,38.6,17.8,231971,2.5,138950.629
50,97,42.9,17.8,239966,2.5,125742.184
50,98,47.4,17.8,223246,2.5,148905.082
51,93,19.0,7.2,91788,2.0,42038.904
51,94,18.4,6.4,87086,2.0,41627.108
51,95,18.5,6.4,101480,2.0,57843.6
51,96,17.2,6.4,89866,2.0,48258.042
51,97,18.5,8.4,101366,2.0,56055.398
51,98,20.1,9.1,118751,2.0,66856.813
52,93,27.0,8.6,145458,2.0,52801.254
52,94,27.6,8.6,137181,2.0,55009.581
52,95,27.6,8.6,165748,2.0,125305.488
52,96,28.3,8.6,176444,2.0,87516.224
52,97,28.1,8.6,185069,2.0,94755.328
52,98,30.7,8.6,228520,2.0,85237.96
53,93,15.0,7.0,92000,2.0,26036.0
53,94,15.5,7.0,77722,2.0,28990.306
53,95,17.4,7.0,83191,2.0,38434.242
53,96,18.0,7.0,103016,2.0,43163.704
53,97,20.0,7.0,95665,2.0,52807.08
53,98,20.0,7.0,111648,2.0,48678.528
54,93,30.0,14.0,153502,2.5,65545.354
54,94,32.3,14.0,183857,2.5,85309.648
54,95,32.2,14.0,168202,2.5,74513.486
54,96,35.5,14.0,201890,2.5,115682.97
54,97,42.5,14.0,239885,2.5,125459.855
54,98,43.0,14.0,311775,2.5,168358.5
55,93,16.0,7.7,77377,2.0,29325.883
55,94,18.1,7.7,87513,2.0,32554.836
55,95,22.8,6.7,111518,2.0,50183.1
55,96,23.0,7.7,132075,2.0,61414.875
55,97,23.4,7.7,130170,2.0,60789.39
55,98,24.7,7.7,133867,2.0,55287.071
56,93,18.0,10.0,91085,1.0,43994.055
56,94,17.4,10.0,87891,1.0,53525.619
56,95,19.5,10.0,88279,1.0,46699.591
56,96,22.0,10.0,108385,1.0,50940.95
56,97,24.2,12.0,104254,1.0,42431.378
56,98,22.6,12.0,105328,1.0,46976.288
57,93,8.0,5.5,46722,1.0,18361.746
57,94,6.4,5.6,38307,1.0,15169.572
57,95,6.8,5.6,42209,1.0,18487.542
57,96,8.6,5.6,49157,1.0,23841.145
57,97,7.9,5.5,43256,1.0,19897.76
57,98,6.8,5.6,40505,1.0,17700.685
58,93,20.0,10.0,115382,2.0,51921.9
58,94,20.2,10.0,134944,2.0,57216.256
58,95,22.0,10.0,134655,2.0,63961.125
58,96,22.9,10.0,148649,2.0,70608.275
58,97,20.6,10.0,140901,2.0,67350.678
58,98,22.4,10.0,141496,2.0,65371.152
59,93,11.0,4.4,47362,2.0,22307.502
59,94,11.9,4.6,58997,2.0,28259.563
59,95,11.9,4.6,55559,2.0,31835.307
59,96,12.6,4.6,66397,2.0,35655.189
59,97,13.8,4.4,67411,2.0,36401.94
59,98,17.1,7.5,80004,2.0,41122.056
60,93,13.0,6.0,60151,1.0,23458.89
60,94,14.2,6.0,70246,1.0,25499.298
60,95,14.5,6.0,86216,1.0,67076.048
60,96,15.7,7.5,96838,1.0,43286.586
60,97,18.5,6.0,98929,1.0,52036.654
60,98,20.4,6.0,123523,1.0,78684.151
61,93,8.0,7.0,48526,1.0,17469.36
61,94,7.5,7.0,41456,1.0,15546.0
61,95,7.5,7.0,44591,1.0,18237.719
61,96,7.6,7.0,49187,1.0,15444.718
61,97,8.9,7.0,46341,1.0,21455.883
61,98,9.4,7.0,59214,1.0,25343.592
62,93,23.0,13.8,127212,2.5,54955.584
62,94,20.4,13.0,126323,2.5,45855.249
62,95,18.3,13.8,128568,2.5,59398.416
62,96,20.5,13.8,106210,2.5,57778.24
62,97,20.6,14.0,120569,2.5,68362.623
62,98,22.5,14.9,125721,2.5,57957.381
63,93,35.0,19.8,257481,2.0,106339.653
63,94,36.7,19.8,278270,2.0,134960.95
63,95,41.0,18.8,335568,2.0,140267.424
63,96,47.5,18.8,406505,2.0,197561.43
63,97,50.3,23.8,467229,2.0,208851.363
63,98,59.5,19.7,569132,2.0,301639.96
64,93,27.0,15.0,144429,2.0,85357.539
64,94,28.8,15.0,153349,2.0,102743.83
64,95,31.3,15.0,175833,2.0,120269.772
64,96,30.0,17.0,175053,2.0,108532.86
64,97,28.7,15.0,185832,2.0,94774.32
64,98,31.0,15.0,183420,2.0,104916.24
65,93,8.0,3.7,29868,1.5,11827.728
65,94,9.1,3.7,35904,1.5,13284.48
65,95,10.2,3.7,42769,1.5,29895.531
65,96,11.5,3.7,46247,1.5,17250.131
65,97,11.0,3.7,55549,1.5,26774.618
65,98,11.8,3.7,84049,1.5,50093.204
66,93,17.0,11.5,56629,2.0,28597.645
66,94,19.8,13.0,87290,2.0,47485.76
66,95,19.9,13.0,100015,2.0,49007.35
66,96,23.8,13.0,134213,2.0,76769.836
66,97,24.3,13.0,111325,2.0,63232.6
66,98,24.0,13.0,149646,2.0,79910.964
67,93,16.0,11.0,69561,2.0,35823.915
67,94,18.3,12.0,106138,2.0,52432.172
67,95,17.1,12.0,96752,2.0,50214.288
67,96,19.0,12.0,110913,2.0,53681.892
67,97,17.9,12.0,110106,2.0,51199.29
67,98,17.8,12.0,117561,2.0,58545.378
68,93,18.0,12.5,89644,2.0,44015.204
68,94,18.8,13.0,110068,2.0,53162.844
68,95,23.0,26.0,138813,2.0,73570.89
68,96,22.7,13.0,154970,2.0,87403.08
68,97,24.2,13.0,176359,2.0,106697.195
68,98,22.9,13.0,175023,2.0,106764.03
69,93,28.0,16.0,113526,2.0,101719.296
69,94,32.6,16.0,156385,2.0,107592.88
69,95,31.1,16.0,164804,2.0,110253.876
69,96,31.9,16.0,148180,2.0,90686.16
69,97,28.8,16.0,170276,2.0,148140.12
69,98,28.5,16.0,180615,2.0,146839.995
70,93,25.0,12.0,133342,2.0,71604.654
70,94,26.4,12.0,147176,2.0,85214.904
70,95,23.8,12.0,153230,2.0,91938.0
70,96,27.4,12.0,185939,2.0,108960.254
70,97,32.1,12.0,218385,2.0,111594.735
70,98,31.3,12.0,211659,2.0,116835.768
71,93,11.0,6.6,61836,1.0,21086.076
71,94,12.2,6.6,69410,1.0,25473.47
71,95,12.3,7.6,76916,1.0,35535.192
71,96,12.9,7.6,79717,1.0,42409.444
71,97,12.8,7.6,91551,1.0,47057.214
71,98,10.8,7.6,81324,1.0,42695.1
72,93,22.0,10.0,103131,2.0,53834.382
72,94,23.3,9.7,128100,2.0,60975.6
72,95,28.7,12.0,158958,2.0,82976.076
72,96,28.1,12.0,144000,2.0,79200.0
72,97,35.2,12.0,188347,2.0,103402.503
72,98,34.6,12.0,197961,2.0,101751.954
73,93,19.0,14.0,131510,2.0,52867.02
73,94,17.3,14.0,123617,2.0,47839.779
73,95,20.0,14.0,147778,2.0,76401.226
73,96,23.3,14.0,154571,2.0,80222.349
73,97,22.1,14.0,161788,2.0,93028.1
73,98,21.4,14.0,154189,2.0,88812.864
74,93,13.0,8.0,56779,2.0,24982.76
74,94,14.2,8.0,69778,2.0,31051.21
74,95,15.5,8.5,86802,2.0,41578.158
74,96,19.6,8.5,117845,2.0,57036.98
74,97,21.6,8.5,126727,2.0,64630.77
74,98,22.6,8.5,136447,2.0,71225.334
75,93,19.0,13.0,85924,2.0,28612.692
75,94,22.0,13.0,96115,2.0,30852.915
75,95,19.8,13.0,105212,2.0,37034.624
75,96,21.0,13.0,129950,2.0,47691.65
75,97,23.0,13.0,173268,2.0,61336.872
75,98,26.4,15.0,190656,2.0,71877.312
76,93,24.0,18.0,150947,2.0,62039.217
76,94,24.5,15.0,161463,2.0,65392.515
76,95,27.1,15.0,191864,2.0,74635.096
76,96,27.0,15.0,178452,2.0,77269.716
76,97,28.7,18.0,190644,2.0,82739.496
76,98,32.8,25.0,240336,2.0,124494.048
77,93,24.0,12.0,119857,2.0,55493.791
77,94,26.1,14.0,148563,2.0,67596.165
77,95,29.4,14.0,161314,2.0,78398.604
77,96,31.0,14.5,202598,2.0,99475.618
77,97,31.5,17.0,202727,2.0,100349.865
77,98,32.0,14.5,213406,2.0,95819.294
78,93,20.0,12.0,101240,1.5,43431.96
78,94,20.5,12.0,116427,1.5,50180.037
78,95,22.3,12.0,123304,1.5,57706.272
78,96,22.9,12.0,141977,1.5,66019.305
78,97,22.8,12.0,140016,1.5,56426.448
78,98,27.2,12.0,191761,1.5,67691.633
79,93,20.7,16.0,96729,2.0,29308.887
79,94,20.5,16.0,98131,2.0,30126.217
79,95,18.7,12.5,87795,2.0,29762.505
79,96,16.8,16.0,93597,2.0,34443.696
79,97,20.4,18.0,111766,2.0,36771.014
79,98,21.5,18.0,111917,2.0,40402.037
80,93,54.5,26.0,317973,3.0,145631.634
80,94,55.4,26.0,349509,3.0,172657.446
80,95,53.8,26.0,373425,3.0,200902.65
80,96,54.1,26.0,402145,3.0,172520.205
80,97,63.1,26.0,492432,3.0,223071.696
80,98,72.5,26.0,569579,3.0,285928.658
81,93,34.4,18.5,222636,3.0,77032.056
81,94,37.0,18.5,265124,3.0,85104.804
81,95,38.6,20.0,280002,3.0,119560.854
81,96,40.4,18.5,313488,3.0,149220.288
81,97,40.5,18.0,329717,3.0,160901.896
81,98,38.4,18.5,316835,3.0,199606.05
82,93,20.7,17.2,109672,2.0,35753.072
82,94,23.8,10.4,120285,2.0,35002.935
82,95,24.4,14.0,128232,2.0,52062.192
82,96,25.2,10.5,125425,2.0,36247.825
82,97,22.1,13.0,119888,2.0,44118.784
82,98,20.3,13.0,101842,2.0,43079.166
83,93,19.9,14.5,76931,2.0,30618.538
83,94,19.8,14.5,90057,2.0,33501.204
83,95,22.6,12.0,98054,2.0,33534.468
83,96,22.4,14.5,94705,2.0,33146.75
83,97,22.5,12.0,103879,2.0,33968.433
83,98,24.3,12.0,96744,2.0,32989.704
84,93,20.7,10.0,94274,2.0,30733.324
84,94,21.9,10.0,113148,2.0,36999.396
84,95,19.9,10.0,108445,2.0,41859.77
84,96,19.7,10.0,121076,2.0,45645.652
84,97,21.3,12.0,131425,2.0,54409.95
84,98,23.0,12.0,121842,2.0,43741.278
85,93,34.9,17.8,164659,2.0,58783.263
85,94,35.5,17.8,192905,2.0,58450.215
85,95,32.5,17.8,197719,2.0,69003.931
85,96,29.1,17.8,202652,2.0,59174.384
85,97,36.1,18.0,182024,2.0,156904.688
85,98,37.3,18.0,180182,2.0,96397.37
86,93,34.1,28.5,212850,3.0,73433.25
86,94,38.0,28.5,214880,3.0,89390.08
86,95,36.8,28.5,266298,3.0,125160.06
86,96,40.3,28.0,313925,3.0,157904.275
86,97,44.9,29.0,373146,3.0,164557.386
86,98,49.3,29.0,391698,3.0,193107.114
87,93,22.4,12.0,166136,2.0,65623.72
87,94,24.5,11.0,200692,2.0,89107.248
87,95,24.6,12.0,218833,2.0,89283.864
87,96,22.7,12.0,218408,2.0,65522.4
87,97,22.1,12.0,184162,2.0,87108.626
87,98,22.8,12.0,188317,2.0,82671.163
88,93,24.0,10.9,121114,3.0,42389.9
88,94,27.0,13.7,208919,3.0,98609.768
88,95,28.8,13.5,222730,3.0,73055.44
88,96,31.7,13.5,263337,3.0,116658.291
88,97,31.3,18.0,306988,3.0,140293.516
88,98,36.8,18.0,320146,3.0,147587.306
89,93,17.0,11.5,101200,2.0,52927.6
89,94,18.8,16.0,123179,2.0,52227.896
89,95,19.2,10.9,125192,2.0,62596.0
89,96,17.2,10.9,125800,2.0,62396.8
89,97,18.7,11.5,136348,2.0,75673.14
89,98,18.1,11.5,112167,2.0,74366.721
90,93,10.8,10.8,52301,2.0,24947.577
90,94,10.6,10.7,53574,2.0,23518.986
90,95,10.6,12.0,59419,2.0,23827.019
90,96,9.3,10.9,54667,2.0,20664.126
90,97,9.5,12.0,54709,2.0,19421.695
90,98,6.3,12.0,37834,2.0,15776.778
91,93,22.8,20.8,126415,2.0,47405.625
91,94,26.0,20.8,156056,2.0,79588.56
91,95,29.3,17.5,197435,2.0,138007.065
91,96,30.2,20.8,213849,2.0,104144.463
91,97,29.0,20.8,207926,2.0,120597.08
91,98,29.3,20.8,222669,2.0,76820.805
92,93,15.7,12.0,82142,2.0,25628.304
92,94,14.8,12.0,89215,2.0,35507.57
92,95,16.8,17.0,83826,2.0,22381.542
92,96,22.5,12.0,127751,2.0,59659.717
92,97,27.1,20.0,154177,2.0,63675.101
92,98,29.8,20.0,163901,2.0,92604.065
93,93,29.6,16.0,169966,2.0,67476.502
93,94,30.2,16.0,173903,2.0,82603.925
93,95,29.0,13.5,170411,2.0,78559.471
93,96,28.4,16.0,182413,2.0,98138.194
93,97,29.6,13.5,202142,2.0,66504.718
93,98,30.2,13.5,213161,2.0,93577.679
94,93,23.0,9.0,147124,2.0,59143.848
94,94,23.4,9.0,160354,2.0,75687.088
94,95,24.6,9.0,179728,2.0,80338.416
94,96,27.1,9.0,169402,2.0,75892.096
94,97,33.5,21.0,265554,2.0,107283.816
94,98,38.1,21.0,338774,2.0,151431.978
95,93,11.8,6.3,47565,1.5,24353.28
95,94,11.4,6.4,51650,1.5,38272.65
95,95,10.4,6.4,53357,1.5,24757.648
95,96,10.0,6.0,51205,1.5,24168.76
95,97,9.3,6.5,50827,1.5,27192.445
95,98,9.2,6.5,51678,1.5,27596.052
96,93,15.9,11.5,62397,3.0,35004.717
96,94,19.3,13.5,120512,3.0,57484.224
96,95,24.3,15.7,163289,3.0,75766.096
96,96,32.5,11.5,233432,3.0,90104.752
96,97,36.6,15.9,294239,3.0,130936.355
96,98,42.9,15.2,362972,3.0,185115.72
97,93,24.6,17.9,124052,2.0,49372.696
97,94,24.8,14.0,145907,2.0,48295.217
97,95,24.5,17.0,157645,2.0,66210.9
97,96,26.1,17.0,175163,2.0,66912.266
97,97,27.7,15.5,171999,2.0,72755.577
97,98,26.3,15.0,196110,2.0,111194.37
98,93,22.5,15.4,121060,2.0,34381.04
98,94,25.1,16.0,135471,2.0,41996.01
98,95,23.7,15.0,130575,2.0,49357.35
98,96,24.4,15.0,138587,2.0,53494.582
98,97,25.2,15.0,143896,2.0,61443.592
98,98,24.2,15.0,153923,2.0,68649.658
99,93,17.4,9.0,79584,2.0,40349.088
99,94,19.1,9.9,110718,2.0,41187.096
99,95,18.8,9.9,102661,2.0,42809.637
99,96,19.5,9.9,107520,2.0,40427.52
99,97,19.3,12.0,113544,2.0,76642.2
99,98,24.3,12.0,133871,2.0,60241.95
100,93,17.6,6.3,83123,2.0,22443.21
100,94,18.1,8.4,86568,2.0,21815.136
100,95,18.8,8.8,111794,2.0,40581.222
100,96,21.5,7.3,146318,2.0,55161.886
100,97,23.2,7.5,158720,2.0,70154.24
100,98,24.4,8.1,161469,2.0,69916.077
101,93,18.3,12.0,114588,2.0,35293.104
101,94,17.9,12.0,118676,2.0,32635.9
101,95,18.5,14.8,128025,2.0,50441.85
101,96,17.9,12.0,119708,2.0,41658.384
101,97,19.1,12.0,140039,2.0,52514.625
101,98,19.5,12.0,138948,2.0,57246.576
102,93,22.0,15.2,127448,1.5,65125.928
102,94,23.6,15.3,127296,1.5,67084.992
102,95,22.8,15.2,124273,1.5,71208.429
102,96,29.4,15.2,236206,1.5,127315.034
102,97,38.8,20.0,352677,1.5,232414.143
102,98,54.2,15.0,490370,1.5,281472.38
103,93,43.1,15.0,260264,3.0,130392.264
103,94,44.0,15.0,265195,3.0,101569.685
103,95,49.9,15.0,303675,3.0,180686.625
103,96,48.3,15.0,396624,3.0,199105.248
103,97,47.6,17.0,400198,3.0,218508.108
103,98,48.8,17.0,418016,3.0,178074.816
104,93,24.7,11.0,119760,2.0,55329.12
104,94,28.0,11.0,165188,2.0,92174.904
104,95,25.0,10.5,153964,2.0,73748.756
104,96,25.7,11.0,162185,2.0,70712.66
104,97,26.4,12.0,162898,2.0,73304.1
104,98,25.4,12.5,163539,2.0,87166.287
105,93,12.8,9.0,49444,1.5,30556.392
105,94,12.0,9.0,51865,1.5,35060.74
105,95,12.9,14.5,54039,1.5,35341.506
105,96,13.5,9.0,52382,1.5,27710.078
105,97,14.3,14.0,57741,1.5,33143.334
105,98,12.3,14.0,62439,1.5,33717.06
106,93,15.3,13.0,80646,2.0,41129.46
106,94,16.3,15.0,84431,2.0,30648.453
106,95,16.5,15.0,81848,2.0,30201.912
106,96,16.1,13.0,89430,2.0,29780.19
106,97,20.5,16.0,102521,2.0,44289.072
106,98,24.7,16.0,129856,2.0,49734.848
107,93,38.1,18.0,221399,3.0,73947.266
107,94,40.4,18.0,252372,2.0,90349.176
107,95,41.7,18.0,270586,2.0,119057.84
107,96,50.5,18.0,332139,2.0,146473.299
107,97,50.8,18.0,353498,2.0,181697.972
107,98,53.8,18.0,391813,2.0,201783.695
108,93,23.4,13.5,136466,2.5,41212.732
108,94,27.3,13.5,169844,2.5,60634.308
108,95,28.5,13.0,191005,2.5,68570.795
108,96,31.9,12.5,213922,2.5,111025.518
108,97,27.8,14.0,185863,2.5,60963.064
108,98,26.7,13.5,202961,2.5,73471.882
109,93,47.0,34.0,233287,3.0,82816.885
109,94,49.9,34.0,262754,3.0,104576.092
109,95,56.6,31.2,294412,3.0,138373.64
109,96,60.7,36.0,385430,3.0,201194.46
109,97,60.9,34.0,336975,3.0,177585.825
109,98,59.3,45.1,391734,4.0,218587.572
110,93,18.0,15.0,105544,1.0,45278.376
110,94,16.8,15.0,103447,1.0,46240.809
110,95,17.3,15.0,116813,1.0,43337.623
110,96,19.0,15.0,134750,1.0,49318.5
110,97,21.0,15.0,131056,1.0,54388.24
110,98,20.4,13.0,115866,1.0,48316.122
111,93,20.0,10.0,101744,1.0,49447.584
111,94,19.3,9.6,112240,1.0,56344.48
111,95,19.3,10.0,117216,1.0,64820.448
111,96,23.8,12.0,159644,1.0,73276.596
111,97,26.2,12.0,131730,1.0,64152.51
111,98,24.3,12.0,164570,2.0,72904.51
112,93,13.0,11.0,48498,1.0,12803.472
112,94,13.0,11.0,49517,1.0,14260.896
112,95,15.6,11.0,57921,1.0,13148.067
112,96,16.3,11.5,59569,1.0,14415.698
112,97,16.0,11.0,61033,1.0,17150.273
112,98,14.3,9.0,58430,1.0,18814.46
113,93,11.0,8.0,51906,1.0,16921.356
113,94,15.3,8.0,95223,1.0,39231.876
113,95,17.3,8.0,120289,1.0,49679.357
113,96,20.0,9.0,146555,1.0,79725.92
113,97,21.9,10.0,158947,1.0,74228.249
113,98,26.0,19.6,208076,1.5,101541.088
114,93,18.0,8.0,91065,2.0,27865.89
114,94,19.8,8.0,116378,2.0,40150.41
114,95,18.5,8.0,108285,2.0,39524.025
114,96,20.4,8.0,124813,2.0,40314.599
114,97,21.8,9.0,124722,2.0,45897.696
114,98,21.5,10.0,134165,1.0,52861.01
115,93,8.0,6.5,44589,1.0,15516.972
115,94,7.3,6.5,37992,1.0,11739.528
115,95,7.0,6.5,40284,1.0,12850.596
115,96,8.4,6.5,43211,1.0,15815.226
115,97,10.0,6.5,51275,1.0,19484.5
115,98,9.0,7.5,44833,1.0,16722.709
116,93,15.0,14.0,71528,2.0,20957.704
116,94,16.5,14.0,87782,2.0,22647.756
116,95,25.1,8.0,122311,2.0,59687.768
116,96,24.1,8.0,142049,2.0,71450.647
116,97,25.3,9.0,143868,2.0,48483.516
116,98,25.8,18.0,149602,2.0,57746.372
117,93,15.0,10.0,69874,2.0,23896.908
117,94,14.8,10.0,72361,2.0,27786.624
117,95,15.8,10.0,79183,2.0,32148.298
117,96,16.5,12.0,76309,2.0,26937.077
117,97,18.1,10.0,77805,2.0,27387.36
117,98,17.5,12.0,94818,1.0,41151.012
118,93,11.0,5.0,45565,1.0,23238.15
118,94,11.2,5.0,55249,1.0,21712.857
118,95,11.9,5.0,48511,1.0,22751.659
118,96,11.8,6.0,53550,1.0,33843.6
118,97,10.9,5.5,50451,1.0,20180.4
118,98,11.3,7.0,59404,1.0,30355.444
119,93,10.0,9.0,41561,2.0,12343.617
119,94,8.0,9.0,40580,2.0,16637.8
119,95,9.4,9.0,41002,2.0,12341.602
119,96,10.1,9.0,42364,2.0,13132.84
119,97,9.4,8.0,38668,2.0,15583.204
119,98,7.0,9.0,30828,2.0,9926.616
120,93,11.0,6.5,38557,1.0,11412.872
120,94,11.0,6.2,46748,1.0,16455.296
120,95,11.1,6.5,47529,1.0,14496.345
120,96,12.1,6.5,47248,1.0,15733.584
120,97,11.9,6.5,47338,1.0,17799.088
120,98,11.0,9.0,45551,1.0,22821.051
121,93,19.0,11.5,94374,2.0,21422.898
121,94,19.0,11.5,94254,2.0,21395.658
121,95,18.2,11.5,115372,2.0,21343.82
121,96,20.8,11.5,116142,2.0,22647.69
121,97,20.9,12.0,114044,2.0,31019.968
121,98,37.3,25.0,202135,3.0,57810.61
122,93,13.0,12.0,54935,2.0,12635.05
122,94,12.8,12.0,58542,2.0,15572.172
122,95,13.3,12.0,59399,2.0,16572.321
122,96,14.0,12.0,65730,2.0,18075.75
122,97,15.0,12.0,70932,2.0,18938.844
122,98,13.0,13.0,71129,2.0,19275.959
123,93,14.0,7.0,57026,1.0,21498.802
123,94,14.0,7.0,70946,1.0,27456.102
123,95,11.7,7.0,61172,1.0,22450.124
123,96,14.0,7.0,78353,1.0,32751.554
123,97,15.1,7.0,73416,1.0,27017.088
123,98,17.2,7.0,96899,2.0,42538.661
124,93,10.0,6.5,35025,2.0,6409.575
124,94,10.0,6.5,41786,2.0,11407.578
124,95,10.7,6.5,45207,2.0,11663.406
124,96,13.3,6.5,48875,2.0,15982.125
124,97,14.7,7.0,55195,2.0,15840.965
124,98,11.2,12.0,54240,1.0,17844.96
125,93,11.0,9.8,47528,1.0,10598.744
125,94,11.3,9.8,53927,1.0,18443.034
125,95,12.0,9.8,60832,1.0,20987.04
125,96,12.9,9.8,66477,1.0,21272.64
125,97,14.6,10.0,72090,1.0,20545.65
125,98,16.3,10.0,98467,1.0,29244.699
126,93,12.0,12.0,52128,1.0,23718.24
126,94,12.8,12.0,64792,1.0,30970.576
126,95,13.2,12.0,76137,1.0,29312.745
126,96,16.0,12.0,83263,1.0,39050.347
126,97,18.9,13.0,98574,1.0,55300.014
126,98,22.8,20.0,125421,1.0,77510.178
127,93,10.0,6.0,43047,2.0,15152.544
127,94,14.0,6.0,71343,2.0,27395.712
127,95,14.0,6.0,73006,2.0,26501.178
127,96,14.2,6.0,67497,2.0,24366.417
127,97,14.8,7.0,65679,2.0,20491.848
127,98,14.3,10.0,67680,2.0,26665.92
128,93,18.0,14.0,67443,1.0,37026.207
128,94,18.1,14.0,83704,1.0,31723.816
128,95,17.5,14.0,87467,1.0,32975.059
128,96,17.7,14.0,80398,1.0,29506.066
128,97,17.8,14.0,84947,1.0,36782.051
128,98,19.5,18.0,93104,1.0,40686.448
129,93,20.0,20.8,115234,2.0,44019.388
129,94,20.0,22.0,141272,2.0,59334.24
129,95,23.5,22.0,168851,2.0,68722.357
129,96,27.1,22.0,188709,2.0,83031.96
129,97,27.5,22.0,215881,2.0,96498.807
129,98,36.4,20.0,291837,2.0,134828.694
130,93,13.0,8.0,70906,2.0,33467.632
130,94,13.2,8.0,67512,2.0,33148.392
130,95,13.8,8.0,73432,2.0,29446.232
130,96,14.0,8.0,73732,2.0,32368.348
130,97,13.9,8.0,81309,2.0,34475.016
130,98,14.5,13.0,82567,2.0,38393.655
131,93,17.0,11.0,99662,2.0,46342.83
131,94,17.3,11.0,108972,2.0,49691.232
131,95,19.6,11.0,123212,2.0,52857.948
131,96,19.1,11.0,131161,2.0,64268.89
131,97,18.9,12.0,143803,2.0,57521.2
131,98,18.2,10.5,121963,2.0,57322.61
132,93,22.0,13.0,129348,2.0,54714.204
132,94,22.1,8.0,138994,2.0,58377.48
132,95,20.1,8.0,130159,2.0,52454.077
132,96,19.6,10.0,135636,2.0,57509.664
132,97,21.7,9.0,147727,2.0,59238.527
132,98,22.7,12.0,157955,2.0,71079.75
133,93,20.0,15.0,65966,1.0,21307.018
133,94,18.8,10.0,81289,1.0,27800.838
133,95,19.3,10.0,86945,1.0,24779.325
133,96,20.5,12.0,93178,1.0,27394.332
133,97,21.9,12.0,93690,1.0,25577.37
133,98,20.0,15.7,92408,1.0,33174.472
134,93,19.0,9.5,92045,2.0,31939.615
134,94,19.7,9.5,121814,2.0,45192.994
134,95,18.7,10.0,119908,2.0,46164.58
134,96,18.9,11.0,124863,2.0,47822.529
134,97,20.3,10.0,119176,2.0,54701.784
134,98,20.8,8.0,127683,2.0,63075.402
135,93,12.0,6.0,66201,1.0,20787.114
135,94,12.3,6.0,67489,1.0,30774.984
135,95,11.5,6.0,83116,1.0,31251.616
135,96,13.0,7.0,87237,1.0,38471.517
135,97,15.3,7.0,102869,1.0,43822.194
135,98,16.0,6.5,105436,1.0,58095.236
136,93,9.0,6.0,49593,1.0,14282.784
136,94,8.3,6.0,58473,1.0,20991.807
136,95,7.8,6.0,62475,1.0,21991.2
136,96,8.8,7.0,65806,1.0,27112.072
136,97,10.7,6.0,67028,1.0,26476.06
136,98,10.8,7.0,65921,1.0,36849.839
137,93,9.0,7.0,38867,2.0,16013.204
137,94,34.7,20.0,178132,1.0,71252.8
137,95,29.1,20.0,193486,1.0,95001.626
137,96,32.3,20.0,197285,1.0,88580.965
137,97,32.6,20.0,187405,1.0,105509.015
137,98,29.5,20.0,189266,2.0,67946.494
138,93,15.0,14.0,78680,1.0,38946.6
138,94,15.9,14.0,96194,1.0,44153.046
138,95,16.5,14.0,98807,1.0,43079.852
138,96,17.7,14.0,108225,1.0,48160.125
138,97,18.7,14.0,110085,1.0,56143.35
138,98,17.7,15.0,120699,1.0,61918.587
139,93,19.0,13.0,106892,1.0,42649.908
139,94,19.3,13.0,115619,1.0,42779.03
139,95,20.7,13.0,131979,1.0,54243.369
139,96,22.5,13.0,150753,1.0,61054.965
139,97,20.3,13.0,147442,1.0,62367.966
139,98,21.1,12.0,147536,2.0,52522.816
140,93,16.0,10.0,66869,1.0,28553.063
140,94,16.1,10.0,74226,1.0,32733.666
140,95,17.1,10.0,84736,1.0,32199.68
140,96,16.5,10.0,75833,1.0,32380.691
140,97,16.0,10.0,76466,1.0,30968.73
140,98,12.5,9.0,70687,1.0,26012.816
141,93,12.0,11.0,49126,2.0,17095.848
141,94,12.6,11.0,41585,2.0,17008.265
141,95,11.9,11.0,44847,2.0,17445.483
141,96,11.8,11.0,50678,2.0,22095.608
141,97,12.1,12.0,51034,2.0,17963.968
141,98,9.8,15.0,39568,1.0,15787.632
142,93,29.0,18.0,142124,2.0,55286.236
142,94,28.1,18.0,161411,2.0,69890.963
142,95,29.6,18.0,195579,2.0,107177.292
142,96,32.9,18.0,198483,2.0,92691.561
142,97,33.7,20.0,221479,2.0,73309.549
142,98,38.9,18.0,232157,3.0,96577.312
143,93,5.0,4.0,22805,1.0,8757.12
143,94,4.5,4.0,21729,1.0,8191.833
143,95,5.4,4.0,27308,1.0,11442.052
143,96,6.9,4.0,28044,1.0,15199.848
143,97,6.7,5.0,25671,1.0,11937.015
143,98,6.4,4.5,29291,1.0,15172.738
144,93,11.0,6.0,67796,1.0,28745.504
144,94,10.7,6.0,64623,1.0,30695.925
144,95,10.9,6.0,64711,1.0,29443.505
144,96,12.2,7.0,79994,1.0,33997.45
144,97,13.6,7.0,86044,1.0,37687.272
144,98,13.4,6.8,86413,2.0,42428.783
145,93,25.0,14.0,104677,1.0,58095.735
145,94,25.6,14.0,111610,1.0,36719.69
145,95,25.6,14.0,124019,1.0,45514.973
145,96,27.1,14.0,134726,1.0,49848.62
145,97,25.7,15.0,126609,1.0,55834.569
145,98,27.1,17.0,154763,2.0,63607.593
146,93,7.0,5.0,36358,1.0,13634.25
146,94,7.4,5.0,43898,1.0,17076.322
146,95,6.2,5.0,40958,1.0,16587.99
146,96,7.3,5.0,44912,1.0,18458.832
146,97,7.9,5.0,45932,1.0,20715.332
146,98,8.3,5.0,53795,1.0,24153.955
147,93,15.0,10.0,69342,1.0,23229.57
147,94,15.0,10.0,66464,1.0,23727.648
147,95,15.5,10.0,73018,1.0,22343.508
147,96,15.8,12.0,81041,1.0,24150.218
147,97,18.0,10.0,87153,1.0,30416.397
147,98,21.2,18.0,123585,1.0,45232.11
148,93,12.0,9.0,40177,2.0,12977.171
148,94,11.5,9.0,46455,2.0,15330.15
148,95,11.0,9.0,41540,2.0,13417.42
148,96,10.6,9.0,41325,2.0,14050.5
148,97,10.6,9.0,41594,2.0,13018.922
148,98,9.8,8.0,41674,2.0,13043.962
149,93,15.0,8.0,88423,1.0,25288.978
149,94,16.2,8.0,95487,1.0,29887.431
149,95,16.2,9.0,99694,1.0,31503.304
149,96,16.1,9.5,102636,1.0,36641.052
149,97,16.4,8.0,110425,1.0,36881.95
149,98,13.1,9.7,95619,1.0,34900.935
150,93,7.0,13.0,33075,1.0,11212.425
150,94,8.7,13.0,52706,1.0,18552.512
150,95,8.7,13.0,51885,1.0,18938.025
150,96,10.5,13.0,48585,1.0,15790.125
150,97,9.7,13.0,46303,1.0,14400.233
150,98,8.3,5.1,37837,1.0,12221.351
151,93,6.0,6.0,24258,1.0,10382.424
151,94,7.8,6.0,32948,1.0,14727.756
151,95,7.5,6.0,30081,1.0,13566.531
151,96,7.0,6.0,28511,1.0,13742.302
151,97,7.0,6.0,33921,1.0,13534.479
151,98,6.0,4.0,34252,1.0,11405.916
152,93,13.0,8.0,60311,2.0,24727.51
152,94,14.0,8.0,73192,2.0,32424.056
152,95,16.0,8.0,82112,2.0,36539.84
152,96,16.7,9.0,77195,2.0,33579.825
152,97,16.7,9.0,90967,2.0,38297.107
152,98,18.6,7.0,96248,2.0,44659.072
153,93,17.0,6.4,53626,1.0,17964.71
153,94,16.1,6.5,61662,1.0,23801.532
153,95,17.0,6.5,67144,1.0,25380.432
153,96,19.4,7.0,72980,1.0,25688.96
153,97,19.5,8.0,85468,1.0,49656.908
153,98,19.4,8.0,92324,1.0,29359.032
154,93,26.0,19.0,104048,2.0,31942.736
154,94,23.6,12.0,113712,2.0,37866.096
154,95,24.7,12.0,132905,2.0,46383.845
154,96,24.6,12.0,129737,2.0,59160.072
154,97,23.3,12.0,159658,2.0,67216.018
154,98,22.4,13.0,158218,3.0,64869.38
155,93,15.0,7.0,97579,2.0,49960.448
155,94,16.0,7.0,101290,2.0,34539.89
155,95,16.4,7.0,116105,2.0,47603.05
155,96,18.1,7.0,123832,2.0,64144.976
155,97,19.5,7.0,131452,2.0,63622.768
155,98,22.2,13.0,162046,2.0,67249.09
156,93,37.0,35.0,170832,2.0,48516.288
156,94,41.7,35.0,243573,2.0,111800.007
156,95,44.8,35.0,348659,2.0,179210.726
156,96,56.1,35.0,480073,2.0,213632.485
156,97,60.6,35.0,522752,2.0,291172.864
156,98,63.8,33.9,597477,2.0,311882.994
157,93,24.0,18.0,71004,2.0,31667.784
157,94,23.4,21.2,79692,2.5,36259.86
157,95,21.8,18.0,80476,2.5,39191.812
157,96,30.2,18.0,82959,2.0,37082.673
157,97,29.1,18.0,114958,2.0,55409.756
157,98,30.9,18.0,124449,2.0,66331.317
158,93,18.0,15.0,97749,2.0,31279.68
158,94,20.0,13.9,106630,2.0,44891.23
158,95,21.8,15.0,136363,2.0,56045.193
158,96,23.9,15.0,163181,2.0,73431.45
158,97,24.2,15.0,184044,2.0,83371.932
158,98,26.5,15.0,198023,2.0,70892.234
159,93,15.0,15.0,79457,1.5,24631.67
159,94,15.4,15.3,63530,1.0,25539.06
159,95,14.1,15.0,66976,1.0,27058.304
159,96,16.9,15.0,91157,1.0,43846.517
159,97,20.0,15.0,98826,1.0,50401.26
159,98,21.3,15.0,116485,1.0,54864.435
160,93,13.0,15.0,49328,1.5,29498.144
160,94,13.0,13.8,46588,1.0,31027.608
160,95,17.4,15.0,72398,1.0,36778.184
160,96,19.3,15.0,68407,2.0,34545.535
160,97,26.9,15.0,106219,1.0,66386.875
160,98,20.5,15.0,80541,1.0,50015.961
161,93,22.0,19.0,121764,2.0,57229.08
161,94,23.7,19.6,139461,1.0,58434.159
161,95,26.3,19.0,171440,1.0,69776.08
161,96,26.8,19.0,160376,2.0,72810.704
161,97,21.6,19.0,137756,2.0,62954.492
161,98,24.8,19.0,168705,2.0,72711.855
162,93,14.0,17.5,75528,2.0,31721.76
162,94,12.0,17.6,64755,1.5,29074.995
162,95,12.1,17.5,78692,1.5,31162.032
162,96,12.2,17.5,75241,1.5,32353.63
162,97,13.2,17.5,78010,1.5,34636.44
162,98,13.2,17.5,78491,1.5,34693.022
163,93,21.0,17.0,74882,2.0,23363.184
163,94,19.1,18.2,78873,2.5,20112.615
163,95,22.5,17.0,102088,2.5,36139.152
163,96,22.6,17.0,94820,2.5,31100.96
163,97,21.2,17.8,108988,2.5,44685.08
163,98,21.4,18.2,128355,2.5,59941.785
164,93,31.0,13.0,161817,2.0,82850.304
164,94,33.5,13.8,131897,1.0,79006.303
164,95,34.6,17.5,165692,1.0,59649.12
164,96,40.4,17.5,182620,1.0,73230.62
164,97,48.0,17.5,212940,1.0,133726.32
164,98,45.2,17.5,271428,1.0,147113.976
165,93,25.0,20.0,139122,1.5,62048.412
165,94,25.6,19.7,134697,1.0,73005.774
165,95,25.1,20.0,143320,1.0,65067.28
165,96,24.6,20.0,138930,1.0,53488.05
165,97,27.6,20.0,160822,1.0,66097.842
165,98,26.4,20.0,159299,1.0,59259.228
166,93,22.0,14.0,178302,2.0,60087.774
166,94,28.7,14.2,205719,1.0,95659.335
166,95,32.0,14.0,245577,1.0,99458.685
166,96,32.6,14.0,281387,2.0,99048.224
166,97,33.7,16.0,288725,3.0,116933.625
166,98,40.8,16.0,318328,3.0,127012.872
167,93,18.0,13.0,62082,1.5,27440.244
167,94,20.5,13.0,61370,1.0,22706.9
167,95,24.0,13.0,74706,1.0,33841.818
167,96,19.8,13.0,75053,2.0,38051.871
167,97,24.2,13.0,106706,2.0,47270.758
167,98,26.1,13.0,94319,2.0,49517.475
168,93,14.0,14.5,63138,1.0,26202.27
168,94,14.0,14.3,72078,1.0,25876.002
168,95,17.0,14.5,101621,1.0,36786.802
168,96,18.1,14.5,102723,1.0,41808.261
168,97,19.8,14.5,114259,1.0,46160.636
168,98,17.5,14.5,114044,1.0,51319.8
169,93,14.0,9.0,65401,2.0,26618.207
169,94,14.3,9.3,74616,1.0,33726.432
169,95,13.6,9.0,82092,1.0,42113.196
169,96,16.5,9.0,96424,1.0,48886.968
169,97,19.1,9.0,104591,1.0,56897.504
169,98,18.0,9.0,97239,1.0,50564.28
170,93,10.0,7.0,44675,1.5,18450.775
170,94,9.3,7.1,39605,2.0,17703.435
170,95,9.3,7.5,43507,2.0,19621.657
170,96,9.3,7.5,47487,2.0,20751.819
170,97,11.2,7.5,52008,2.0,26628.096
170,98,11.8,7.5,54888,2.0,24315.384
171,93,11.0,5.0,28395,1.0,8632.08
171,94,9.5,5.6,29762,1.5,14970.286
171,95,10.6,8.5,32329,1.5,12155.704
171,96,11.5,8.5,30316,1.5,7730.58
171,97,10.0,8.5,29072,1.0,15611.664
171,98,9.5,8.5,29970,1.0,15614.37
172,93,12.0,10.5,32014,1.0,10212.466
172,94,11.1,10.8,30367,1.0,11660.928
172,95,10.0,10.5,32133,1.0,11728.545
172,96,8.3,10.5,30870,1.0,11174.94
172,97,9.0,10.5,31247,1.0,12280.071
172,98,9.2,10.5,32287,1.0,14722.872
173,93,12.0,7.5,49542,2.0,21352.602
173,94,11.5,7.3,39531,2.0,20595.651
173,95,9.5,7.5,37880,2.0,20152.16
173,96,9.3,7.5,43372,2.0,21772.744
173,97,10.8,7.5,43745,2.0,22266.205
173,98,11.4,7.5,46465,2.0,21606.225
174,93,10.0,13.0,50346,1.0,17369.37
174,94,10.2,12.5,57405,2.0,18656.625
174,95,10.0,13.0,55291,2.0,19462.432
174,96,10.0,13.0,58628,2.0,22864.92
174,97,8.5,13.0,46193,1.0,22449.798
174,98,10.0,13.0,57460,1.0,17525.3
175,93,12.0,9.0,65367,1.0,28042.443
175,94,14.1,9.9,80359,2.0,29572.112
175,95,14.0,14.5,76191,2.0,36266.916
175,96,13.4,14.5,80790,2.0,37163.4
175,97,12.9,14.5,72557,2.0,30691.611
175,98,20.9,14.5,126802,2.0,41844.66
176,93,19.0,9.5,82339,2.0,27171.87
176,94,17.9,9.7,76223,1.0,28050.064
176,95,18.5,10.5,88759,1.0,27959.085
176,96,17.2,10.5,81199,1.0,51480.166
176,97,18.6,10.5,81572,1.0,49106.344
176,98,17.7,10.5,91139,1.0,48121.392
177,93,9.0,12.5,41175,1.5,20340.45
177,94,5.4,12.9,47695,1.0,13354.6
177,95,7.7,12.5,76337,1.0,22137.73
177,96,8.6,12.5,84941,1.0,33891.459
177,97,8.9,12.5,77972,1.0,37348.588
177,98,11.1,12.5,87269,1.0,32551.337
178,93,15.0,11.0,78420,1.5,22506.54
178,94,15.8,12.0,81432,1.5,25081.056
178,95,14.3,12.0,73828,1.5,23846.444
178,96,17.5,12.0,94562,1.5,27895.79
178,97,17.9,12.0,83808,1.5,21873.888
178,98,18.0,12.0,95150,1.5,24739.0
179,93,19.0,10.0,94694,1.5,28313.506
179,94,18.3,10.0,86790,1.5,29508.6
179,95,15.9,10.0,86393,1.5,28336.904
179,96,17.3,10.0,88241,1.5,29296.012
179,97,17.5,10.0,96904,1.5,29458.816
179,98,18.9,10.0,103334,1.5,30896.866
180,93,19.0,29.3,119919,1.5,49526.547
180,94,24.8,34.0,175605,1.5,70417.605
180,95,24.9,27.0,165482,1.5,73639.49
180,96,22.7,25.0,151335,1.5,77180.85
180,97,29.0,25.0,192379,1.5,87724.824
180,98,26.7,25.0,172736,1.5,86886.208
181,93,22.0,26.0,82529,1.5,30700.788
181,94,22.9,26.0,87097,1.5,33880.733
181,95,22.0,26.0,88974,1.5,31407.822
181,96,22.5,26.0,93025,1.5,27349.35
181,97,23.6,26.0,96080,1.5,28727.92
181,98,25.0,26.0,109998,1.5,30579.444
182,93,9.0,7.0,53316,1.0,20260.08
182,94,7.0,7.0,37414,1.0,13730.938
182,95,7.6,7.0,37845,1.0,12223.935
182,96,8.1,6.0,37313,1.0,12387.916
182,97,4.6,5.2,23547,1.0,7958.886
182,98,4.7,4.0,25744,1.0,8649.984
183,93,27.0,18.7,129671,2.0,56147.543
183,94,27.4,18.7,132103,2.0,53237.509
183,95,25.9,18.7,135246,2.0,58696.764
183,96,27.4,19.1,159143,2.0,59678.625
183,97,25.6,19.1,156745,2.0,55487.73
183,98,27.4,19.7,153822,2.0,54760.632
184,93,42.0,22.9,210308,2.0,131232.192
184,94,38.7,22.9,207620,2.0,153638.8
184,95,37.3,22.9,203829,2.0,102118.329
184,96,43.1,22.9,251507,2.0,130532.133
184,97,39.7,22.9,240209,2.0,115060.111
184,98,44.3,22.9,232819,2.0,119668.966
185,93,17.0,11.0,69233,1.0,17931.347
185,94,15.3,11.0,65054,1.0,18800.606
185,95,14.4,11.0,64722,1.0,19351.878
185,96,16.5,11.0,70263,1.0,21078.9
185,97,15.1,11.0,76760,1.0,22260.4
185,98,15.7,11.0,83545,1.0,23726.78
186,93,28.0,18.1,113074,1.5,30077.684
186,94,29.3,18.1,135591,1.5,49761.897
186,95,28.6,18.1,136637,1.5,45636.758
186,96,28.4,18.1,133029,1.5,52147.368
186,97,31.7,18.1,211247,1.5,72668.968
186,98,33.6,18.1,214459,1.5,87713.731
187,93,15.0,12.0,62872,1.5,24457.208
187,94,15.0,12.0,63974,1.5,31219.312
187,95,13.2,12.0,68040,1.5,25651.08
187,96,14.8,12.0,72057,1.5,31056.567
187,97,16.0,12.0,87842,1.5,31271.752
187,98,15.4,12.0,76548,1.5,25873.224
188,93,37.0,22.0,160573,1.5,45442.159
188,94,33.6,22.0,157993,1.5,45817.97
188,95,34.1,22.0,167971,1.5,41656.808
188,96,34.5,22.0,182791,1.5,54106.136
188,97,34.9,8.2,178674,1.5,56639.658
188,98,31.9,8.2,180216,1.5,73167.696
189,93,24.0,14.0,119893,1.0,39924.369
189,94,25.0,14.9,127880,1.0,37340.96
189,95,26.5,15.7,143506,1.0,39894.668
189,96,28.8,15.7,166974,1.0,57606.03
189,97,29.7,15.7,175899,1.0,57694.872
189,98,29.1,14.7,181445,1.0,63324.305
190,93,11.0,10.3,53994,1.0,14038.44
190,94,11.1,10.3,51101,1.0,12417.543
190,95,11.0,10.5,57409,1.0,17739.381
190,96,11.6,10.3,56738,1.0,17815.732
190,97,11.0,10.4,59109,1.0,18501.117
190,98,11.3,12.5,60598,1.0,18118.802
191,93,13.0,10.3,85656,1.0,24840.24
191,94,13.5,10.3,80226,1.0,29442.942
191,95,13.0,13.0,81805,1.0,31494.925
191,96,11.8,10.3,78710,1.0,25265.91
191,97,13.8,10.3,85997,1.0,32764.857
191,98,13.6,10.3,87610,1.0,36620.98
192,93,12.0,6.3,48648,1.0,16248.432
192,94,12.8,6.3,51043,1.0,18885.91
192,95,11.6,6.3,55151,1.0,20516.172
192,96,11.4,6.3,61345,1.0,21348.06
192,97,12.2,6.3,61493,1.0,24289.735
192,98,12.2,6.3,72478,1.0,29353.59
193,93,22.0,10.1,121987,2.0,34034.373
193,94,23.0,10.1,133301,2.0,37324.28
193,95,21.8,10.1,135269,2.0,41662.852
193,96,25.4,10.1,159770,2.0,42498.82
193,97,25.2,10.1,138600,2.0,46985.4
193,98,26.5,14.0,162414,2.0,62691.804
194,93,12.0,7.0,58504,1.5,26443.808
194,94,12.2,7.0,56286,1.5,30901.014
194,95,11.3,7.0,50045,1.5,22970.655
194,96,12.0,7.0,57823,1.5,26193.819
194,97,12.0,7.0,67261,1.5,33092.412
194,98,11.6,6.6,49529,1.5,24368.268
195,93,12.0,25.0,39950,1.5,12464.4
195,94,12.5,7.0,43966,1.5,16135.522
195,95,13.6,7.0,42382,1.5,16528.98
195,96,13.2,7.0,41765,1.5,17416.005
195,97,12.2,7.0,45978,1.5,13011.774
195,98,12.1,7.0,34608,1.5,12943.392
196,93,20.0,10.0,153597,1.5,75262.53
196,94,25.5,10.0,212942,1.5,102425.102
196,95,28.9,10.0,222319,1.5,119829.941
196,96,28.8,23.0,224352,1.5,113746.464
196,97,58.7,37.3,415908,2.5,225838.044
196,98,58.3,37.3,462019,2.5,298464.274
197,93,14.0,7.6,65776,1.5,22166.512
197,94,14.9,7.6,75274,1.5,22883.296
197,95,13.6,7.6,69830,1.5,19412.74
197,96,15.5,7.6,77247,1.5,32675.481
197,97,13.3,10.8,69890,1.5,25929.19
197,98,13.2,10.8,75076,1.5,25075.384
198,93,11.0,6.5,38236,1.0,9329.584
198,94,9.0,6.5,29456,1.0,8512.784
198,95,8.0,6.5,22724,1.0,5726.448
198,96,9.4,6.0,28801,1.0,8813.106
198,97,8.7,6.0,30131,1.0,8135.37
198,98,10.9,6.0,37316,1.0,7239.304
199,93,13.0,10.0,43460,1.5,17644.76
199,94,14.8,10.0,54972,1.5,19570.032
199,95,11.9,10.0,44850,1.5,17177.55
199,96,11.3,10.0,41997,1.5,19528.605
199,97,11.0,10.0,41120,1.5,19573.12
199,98,11.5,10.0,46837,1.5,17704.386
200,93,34.0,15.8,218878,2.0,56689.402
200,94,34.6,17.0,230207,2.0,62846.511
200,95,35.4,17.0,263222,2.0,92654.144
200,96,39.3,17.0,283109,2.0,97389.496
200,97,36.9,17.0,270141,2.0,87795.825
200,98,40.7,18.0,313553,2.0,111624.868
201,93,20.0,14.0,111179,2.0,45138.674
201,94,19.3,14.0,117937,2.0,41160.013
201,95,20.2,17.0,122378,2.0,39160.96
201,96,21.7,17.0,125148,2.0,40798.248
201,97,20.5,17.0,120644,2.0,41380.892
201,98,24.0,17.0,144592,2.0,51040.976
202,93,14.0,7.0,67656,1.0,22529.448
202,94,14.7,7.0,72701,1.0,26245.061
202,95,13.3,7.0,63739,1.0,20077.785
202,96,11.6,7.0,55660,1.0,14861.22
202,97,13.6,7.0,62173,1.0,20641.436
202,98,13.0,7.0,52308,1.0,14175.468
203,93,14.0,6.6,62584,1.5,23781.92
203,94,15.6,7.2,75982,1.5,26289.772
203,95,14.7,6.4,77753,1.5,24647.701
203,96,15.0,6.8,79134,1.5,29437.848
203,97,14.1,6.8,81027,1.5,28440.477
203,98,15.0,6.4,84486,1.5,34977.204
204,93,16.0,8.0,63591,2.0,19268.073
204,94,15.2,8.0,64743,2.0,19163.928
204,95,15.3,8.0,68707,2.0,20131.151
204,96,14.7,8.0,70812,2.0,19331.676
204,97,15.2,8.0,73343,2.0,21342.813
204,98,15.2,8.0,81143,2.0,26452.618
205,93,17.0,7.8,57435,1.5,14186.445
205,94,17.6,7.8,60466,1.5,14390.908
205,95,15.8,7.8,61387,1.5,17925.004
205,96,17.3,10.0,78549,1.5,31576.698
205,97,18.8,10.0,103814,1.5,37580.668
205,98,19.4,10.0,106169,1.5,34504.925
206,93,18.0,14.0,105106,2.0,36261.57
206,94,17.0,14.0,114099,2.0,39820.551
206,95,16.9,14.0,114038,2.0,39799.262
206,96,18.8,14.0,112255,2.0,42544.645
206,97,17.5,14.0,116282,2.0,41628.956
206,98,18.5,14.0,192701,2.0,47211.745
207,93,37.5,28.5,159373,1.5,59764.875
207,94,36.5,28.5,162237,1.5,62461.245
207,95,35.1,28.5,167782,1.5,58891.482
207,96,36.5,28.5,197783,1.5,70015.182
207,97,33.7,28.5,179031,1.5,71433.369
207,98,36.1,29.0,177564,1.5,81679.44
208,93,18.1,13.0,73401,1.0,19010.859
208,94,18.8,16.0,85334,1.0,18261.476
208,95,19.7,16.0,101052,1.0,30214.548
208,96,22.5,16.0,130300,1.0,45214.1
208,97,22.9,16.0,142074,1.0,47736.864
208,98,22.8,18.0,144548,1.0,60276.516
209,93,12.9,14.0,46336,1.5,18997.76
209,94,12.2,14.0,42466,1.5,24757.678
209,95,12.5,13.5,58866,1.5,32199.702
209,96,13.9,13.5,59200,1.5,48603.2
209,97,14.8,14.0,55008,1.5,25248.672
209,98,14.6,14.0,60087,1.5,23674.278
210,93,16.9,16.5,75900,1.5,20948.4
210,94,19.2,16.5,74198,1.5,20404.45
210,95,18.5,16.5,87072,1.5,26382.816
210,96,19.1,16.5,102865,1.5,33842.585
210,97,18.8,16.5,131787,1.5,47706.894
210,98,17.0,16.5,119312,1.5,53093.84
211,93,16.7,15.0,66295,2.0,38716.28
211,94,18.5,16.3,74975,2.0,35913.025
211,95,20.7,17.0,87074,2.0,42927.482
211,96,23.0,17.0,101281,2.0,44968.764
211,97,27.0,17.0,108684,2.0,37822.032
211,98,28.2,17.0,112034,2.0,42124.784
212,93,12.1,8.1,55745,1.0,19733.73
212,94,10.2,8.0,53670,1.0,19857.9
212,95,11.9,8.0,65618,1.0,20866.524
212,96,13.3,8.0,69046,1.0,23337.548
212,97,14.7,8.0,86633,1.0,34393.301
212,98,15.1,8.0,78501,1.0,37052.472
213,93,11.0,10.0,41401,1.0,7162.373
213,94,11.4,10.0,39052,1.0,9177.22
213,95,11.4,10.0,35002,1.0,10150.58
213,96,11.4,10.0,47608,1.0,13330.24
213,97,11.5,10.0,48637,1.0,16439.306
213,98,12.3,10.0,54433,1.0,16438.766
214,93,17.2,12.0,82113,1.5,30217.584
214,94,17.0,12.0,94612,1.5,31411.184
214,95,18.2,12.0,90346,1.5,36680.476
214,96,25.0,11.5,113814,1.5,44615.088
214,97,24.0,13.0,103879,1.5,39474.02
214,98,23.3,13.0,104351,1.5,36418.499
215,93,22.8,24.6,114279,1.0,46625.832
215,94,22.2,25.2,109286,1.0,40982.25
215,95,23.3,26.0,122334,1.0,47220.924
215,96,26.3,9.5,108708,1.0,28481.496
215,97,27.2,9.0,105264,1.0,36210.816
215,98,24.5,9.5,117529,1.0,44896.078
216,93,8.0,8.4,20530,1.0,8212.0
216,94,7.0,8.4,22542,1.0,10414.404
216,95,6.4,8.4,23671,1.0,12592.972
216,96,7.6,8.4,18749,1.0,11568.133
216,97,8.4,8.4,25296,1.0,8980.08
216,98,7.4,8.5,19505,1.0,8172.595
217,93,30.0,11.8,125520,1.5,56484.0
217,94,30.0,11.8,138624,1.5,61826.304
217,95,30.3,11.8,142604,1.5,70588.98
217,96,31.6,11.8,145333,1.5,69323.841
217,97,29.8,11.8,155077,1.5,73661.575
217,98,30.9,11.8,157722,1.5,93844.59
218,93,21.5,11.0,105395,2.0,45319.85
218,94,20.9,11.0,105887,2.0,39601.738
218,95,22.1,11.0,130873,2.0,50255.232
218,96,19.8,11.0,122046,2.0,52113.642
218,97,19.2,11.0,124335,2.0,52345.035
218,98,20.9,11.0,132483,2.0,63326.874
219,93,22.4,15.0,140387,2.0,50118.159
219,94,25.3,15.0,151817,2.0,52528.682
219,95,29.0,15.0,179771,2.0,61301.911
219,96,31.1,15.0,196560,2.0,78624.0
219,97,30.7,15.0,211073,2.0,82529.543
219,98,31.5,15.0,215449,2.0,90057.682
220,93,16.7,18.0,78569,1.0,35120.343
220,94,16.5,18.0,85506,1.0,42410.976
220,95,15.8,18.0,87171,1.0,47333.853
220,96,17.1,18.0,98107,1.0,50721.319
220,97,16.1,18.0,90603,1.0,38143.863
220,98,25.1,18.0,134235,1.0,55707.525
221,93,19.5,30.0,119228,2.0,66529.224
221,94,26.8,30.0,166569,2.0,72624.084
221,95,32.3,30.0,198855,2.0,103205.745
221,96,40.8,30.0,251637,2.0,122043.945
221,97,40.7,30.0,226906,2.0,85997.374
221,98,34.6,30.0,183395,2.0,69506.705
222,93,5.2,7.6,27515,1.0,9134.98
222,94,5.9,7.6,30384,1.0,10907.856
222,95,4.8,7.6,24760,1.0,7650.84
222,96,6.5,7.6,31571,1.0,8682.025
222,97,9.0,7.6,47126,1.0,10226.342
222,98,10.2,8.0,52593,1.0,12990.471
223,93,12.8,4.0,55293,1.5,18799.62
223,94,13.0,4.0,56930,1.5,24536.83
223,95,13.0,4.0,60864,1.5,21971.904
223,96,12.1,4.0,62837,1.5,20987.558
223,97,13.1,4.0,70539,1.5,20456.31
223,98,13.5,4.0,66042,1.5,23378.868
224,93,26.7,32.5,126501,1.0,70081.554
224,94,23.3,13.5,138362,1.0,70702.982
224,95,23.3,13.5,157994,1.0,82630.862
224,96,26.5,13.5,165753,1.0,96799.752
224,97,28.1,13.5,153886,1.0,90946.626
224,98,30.8,13.0,177156,1.0,91058.184
225,93,22.6,11.6,121605,1.5,63599.415
225,94,20.6,11.5,108871,1.5,49209.692
225,95,21.9,11.5,112364,1.5,61575.472
225,96,24.6,11.5,155252,1.5,79644.276
225,97,22.0,11.5,143717,1.5,74157.972
225,98,22.7,11.5,147640,1.5,79725.6
226,93,6.5,2.5,23235,1.0,4414.65
226,94,6.0,2.5,22812,1.0,4516.776
226,95,5.2,2.5,16419,1.0,3924.141
226,96,5.7,2.5,14410,1.0,4625.61
226,97,6.7,2.5,22751,1.0,6142.77
226,98,7.5,2.0,20974,1.0,7907.198
227,93,15.5,20.0,45396,1.0,10259.496
227,94,17.0,20.0,46781,1.0,10759.63
227,95,17.6,20.0,46893,1.0,9753.744
227,96,20.3,20.0,60133,1.0,16837.24
227,97,19.3,20.0,60566,1.0,17806.404
227,98,20.0,20.0,58085,1.0,18645.285
228,93,20.0,22.5,76948,2.0,16466.872
228,94,22.4,22.5,78582,2.0,19959.828
228,95,22.1,22.5,83574,2.0,21478.518
228,96,22.5,22.5,102529,2.0,30861.229
228,97,23.3,22.5,93908,2.0,30144.468
228,98,21.2,24.0,85766,2.0,31047.292
229,93,23.2,13.0,107036,1.0,25902.712
229,94,25.5,13.0,130464,1.0,37182.24
229,95,23.8,13.0,146161,1.0,39171.148
229,96,25.2,13.0,134504,1.0,48017.928
229,97,25.8,13.0,148108,1.0,52874.556
229,98,25.6,13.0,160256,1.0,55128.064
230,93,11.8,17.0,56124,1.0,25143.552
230,94,13.2,17.0,62913,1.0,23655.288
230,95,12.5,17.0,61837,1.0,18674.774
230,96,13.3,17.0,68970,1.0,21104.82
230,97,16.1,17.0,74783,1.0,18770.533
230,98,19.1,17.0,92956,1.0,28072.712
231,93,14.8,20.0,57841,1.5,15674.911
231,94,18.4,20.0,73941,1.5,13826.967
231,95,18.0,20.0,78968,1.5,9555.128
231,96,18.7,20.0,78428,1.5,11136.776
231,97,18.0,20.0,73633,1.5,11118.583
231,98,16.5,20.0,80754,1.5,13889.688
232,93,9.1,17.0,37514,1.0,10991.602
232,94,9.1,17.0,39936,1.0,12859.392
232,95,10.0,17.0,46043,1.0,13858.943
232,96,12.3,17.0,59315,1.0,17735.185
232,97,14.2,17.0,69151,1.0,23511.34
232,98,15.6,17.0,83421,1.0,31282.875
233,93,23.6,20.0,102763,1.5,69467.788
233,94,25.1,20.0,119215,1.5,71529.0
233,95,25.8,20.0,128560,1.5,62994.4
233,96,29.3,20.0,147035,1.5,75575.99
233,97,29.3,20.0,154668,1.5,78571.344
233,98,28.4,20.0,182648,1.5,85296.616
234,93,56.7,27.3,353028,2.0,217465.248
234,94,54.0,35.5,346933,2.0,166180.907
234,95,66.6,35.5,508254,2.0,272932.398
234,96,65.8,35.5,523897,2.0,286571.659
234,97,66.8,35.5,586760,2.0,275777.2
234,98,82.3,39.0,727281,2.0,376731.558
235,93,16.0,8.0,71898,2.0,22000.788
235,94,19.1,8.0,92248,2.0,35146.488
235,95,18.7,8.0,97598,2.0,43138.316
235,96,19.9,8.0,95420,2.0,39408.46
235,97,22.4,8.0,99725,2.0,38793.025
235,98,21.8,8.0,112029,2.0,39434.208
236,93,26.5,25.0,132839,2.0,54463.99
236,94,27.4,22.6,175464,2.0,51235.488
236,95,26.6,25.0,197555,2.0,52944.74
236,96,29.2,25.0,183693,2.0,57679.602
236,97,27.7,25.0,184108,2.0,75484.28
236,98,29.8,26.0,179791,2.0,64365.178
237,93,12.0,11.0,42783,1.0,15573.012
237,94,10.3,11.0,49853,1.0,21237.378
237,95,11.1,11.0,53643,1.0,25963.212
237,96,11.9,11.0,53000,1.0,24486.0
237,97,13.3,11.0,61539,1.0,24430.983
237,98,13.8,11.0,57501,1.0,27140.472
238,93,12.0,6.5,46574,1.0,11317.482
238,94,13.4,6.5,38149,1.0,8469.078
238,95,12.4,6.5,36266,1.0,9828.086
238,96,11.0,6.5,38888,1.0,10344.208
238,97,12.1,6.5,40770,1.0,12801.78
238,98,10.7,6.5,40972,1.0,12250.628
239,93,13.9,16.0,69910,1.0,9927.22
239,94,14.5,16.0,69661,1.0,16579.318
239,95,14.6,16.0,69409,1.0,13881.8
239,96,14.1,16.0,57856,1.0,14637.568
239,97,14.1,16.0,52998,1.0,12401.532
239,98,14.2,16.0,57976,1.0,12174.96
240,93,18.9,13.0,88024,1.0,45684.456
240,94,20.2,13.0,111807,1.0,59816.745
240,95,21.9,13.0,117570,1.0,62664.81
240,96,21.1,13.0,124309,1.0,75952.799
240,97,22.3,13.0,150420,1.0,75059.58
240,98,24.0,13.0,164886,1.0,92006.388
241,93,7.6,10.0,30154,1.0,7870.194
241,94,7.0,10.0,25312,1.0,11187.904
241,95,8.3,10.0,30278,1.0,10506.466
241,96,8.3,10.0,27251,1.0,9755.858
241,97,9.1,10.0,26124,1.0,10083.864
241,98,9.5,10.5,34046,1.0,11711.824
242,93,7.9,7.5,31338,1.0,11626.398
242,94,9.0,7.5,40763,1.0,19240.136
242,95,8.8,7.5,35776,1.0,24470.784
242,96,9.5,7.5,33815,1.0,19173.105
242,97,7.1,7.5,29958,1.0,11114.418
242,98,8.9,7.5,31241,1.0,13433.63
243,93,14.7,9.0,58971,1.0,27716.37
243,94,14.1,9.0,66451,1.0,29637.146
243,95,16.0,9.0,67307,1.0,33384.272
243,96,15.1,9.0,63712,1.0,29052.672
243,97,18.1,9.0,69962,1.0,30643.356
243,98,16.0,9.0,66454,1.0,27379.048
244,93,7.8,14.0,38561,1.0,12262.398
244,94,9.9,14.0,47999,1.0,13391.721
244,95,11.9,14.0,50455,1.0,21493.83
244,96,12.0,14.0,62505,1.0,24001.92
244,97,12.3,14.0,50560,1.0,19920.64
244,98,11.7,14.0,48939,1.0,17618.04
245,93,7.9,9.5,37672,1.0,19099.704
245,94,9.6,9.5,36579,1.0,24215.298
245,95,10.5,9.5,39528,1.0,23795.856
245,96,13.7,9.5,62812,1.0,28705.084
245,97,16.9,9.5,68712,1.0,29614.872
245,98,19.2,10.0,86515,1.0,33135.245
246,93,25.0,30.0,85047,1.0,38271.15
246,94,27.1,30.0,110944,2.0,48149.696
246,95,27.8,30.0,105841,2.0,46781.722
246,96,27.0,30.0,99264,2.0,47745.984
246,97,29.4,30.0,109519,2.0,52459.601
246,98,28.8,27.0,102696,2.0,53607.312
247,93,5.2,5.0,32436,1.0,15601.716
247,94,6.9,5.0,37479,1.0,14691.768
247,95,8.0,5.0,44306,1.0,16659.056
247,96,6.5,5.0,38803,1.0,20099.954
247,97,8.6,5.0,43557,1.0,16420.989
247,98,10.5,5.0,63777,1.0,31888.5
